<?xml version="1.0" encoding="UTF-8"?>
<project-private xmlns="http://www.netbeans.org/ns/project-private/1">
    <editor-bookmarks xmlns="http://www.netbeans.org/ns/editor-bookmarks/2" lastBookmarkId="0"/>
    <open-files xmlns="http://www.netbeans.org/ns/projectui-open-files/2">
        <group>
            <file>file:/C:/Users/Willian/Documents/NetBeansProjects/Sistema%20Educacional/src/sistema/educacional/telainicial.java</file>
            <file>file:/C:/Users/Willian/Documents/NetBeansProjects/Sistema%20Educacional/src/sistema/educacional/SistemaEducacional.java</file>
            <file>file:/C:/Users/Willian/Documents/NetBeansProjects/Sistema%20Educacional/src/sistema/educacional/Alunos.java</file>
            <file>file:/C:/Users/Willian/Documents/NetBeansProjects/Sistema%20Educacional/src/sistema/educacional/Escolar.java</file>
            <file>file:/C:/Users/Willian/Documents/NetBeansProjects/Sistema%20Educacional/src/sistema/educacional/Professores.java</file>
        </group>
    </open-files>
</project-private>
